{"Train_ACC_Local_0": 1.0, "Train_Loss_Local_0": 0.0038255365751683713, "Test_ACC_Local_0": 0.9823008849557522, "Test_Loss_Local_0": 0.05406294543451319, "_timestamp": 1669947658.0542617, "_runtime": 1178.5055677890778, "_step": 2399, "Train_ACC_Local_1": 0.9995090819833088, "Train_Loss_Local_1": 0.006568927243279177, "Test_ACC_Local_1": 0.9845626072041166, "Test_Loss_Local_1": 0.08745332904111006, "Train_ACC_Local_2": 1.0, "Train_Loss_Local_2": 0.006503072483703876, "Test_ACC_Local_2": 0.9508670520231214, "Test_Loss_Local_2": 0.17694401144134728, "Train_ACC_Local_3": 1.0, "Train_Loss_Local_3": 0.003097441929499977, "Test_ACC_Local_3": 0.9936708860759493, "Test_Loss_Local_3": 0.029879985330626368, "Train_ACC_Local_4": 1.0, "Train_Loss_Local_4": 0.0022417008669839964, "Test_ACC_Local_4": 1.0, "Test_Loss_Local_4": 0.0032949438049959447, "Train_ACC_Local_5": 1.0, "Train_Loss_Local_5": 0.012002240334238325, "Test_ACC_Local_5": 0.9921259842519685, "Test_Loss_Local_5": 0.050679036881774664, "Train_ACC_Local_6": 1.0, "Train_Loss_Local_6": 0.0015709272696573324, "Test_ACC_Local_6": 0.9935965848452508, "Test_Loss_Local_6": 0.06350389232005303, "Train_ACC_Local_7": 1.0, "Train_Loss_Local_7": 0.03372252061963081, "Test_ACC_Local_7": 0.8369565217391305, "Test_Loss_Local_7": 0.6542190338174502, "Train_ACC_0": 0.9165613147914032, "Train_Loss_0": 0.3724329981207848, "Train_ACC_1": 0.24791359842906235, "Train_Loss_1": 1.8727617375552654, "Train_ACC_2": 0.4565573770491803, "Train_Loss_2": 1.3548636650427794, "Train_ACC_3": 0.38902291917973464, "Train_Loss_3": 1.3529195327025194, "Train_ACC_4": 0.9518156424581006, "Train_Loss_4": 0.26117477748129103, "Train_ACC_5": 0.9887133182844243, "Train_Loss_5": 0.17039302683302335, "Train_ACC_6": 0.676327028676022, "Train_Loss_6": 0.8807095977866534, "Train_ACC_7": 0.8252427184466019, "Train_Loss_7": 0.6327627062797546, "Test_ACC_0": 0.9004424778761062, "Test_Loss_0": 0.4025610516468684, "Test_ACC_1": 0.21783876500857632, "Test_Loss_1": 1.9568479312093634, "Test_ACC_2": 0.3786127167630058, "Test_Loss_2": 1.4750814004377886, "Test_ACC_3": 0.39451476793248946, "Test_Loss_3": 1.3416516224543253, "Test_ACC_4": 0.9414634146341463, "Test_Loss_4": 0.2605456623893518, "Test_ACC_5": 0.9606299212598425, "Test_Loss_5": 0.2600662522017956, "Test_ACC_6": 0.6691568836712913, "Test_Loss_6": 0.9666602681080501, "Test_ACC_7": 0.6195652173913043, "Test_Loss_7": 1.107145329316457, "_wandb": {"runtime": 1178}}