{"Train_ACC_Local_0": 0.9987357774968394, "Test_ACC_Local_0": 0.9911504424778761, "_timestamp": 1669950943.9670238, "_runtime": 1535.718193769455, "_step": 2599, "Train_ACC_Local_1": 0.9955817378497791, "Test_ACC_Local_1": 0.9794168096054888, "Train_ACC_Local_2": 1.0, "Test_ACC_Local_2": 0.9595375722543352, "Train_ACC_Local_3": 1.0, "Test_ACC_Local_3": 0.9936708860759493, "Train_ACC_Local_4": 0.9930167597765364, "Test_ACC_Local_4": 0.9926829268292683, "Train_ACC_Local_5": 0.9977426636568849, "Test_ACC_Local_5": 0.9921259842519685, "Train_ACC_Local_6": 0.99908480780964, "Test_ACC_Local_6": 0.9871931696905016, "Train_ACC_Local_7": 1.0, "Test_ACC_Local_7": 0.9021739130434783, "Train_ACC_0": 0.9096080910240202, "Train_Loss_0": 0.41174022138118743, "Train_ACC_1": 0.18654884634266078, "Train_Loss_1": 1.8809861578047276, "Train_ACC_2": 0.44098360655737706, "Train_Loss_2": 1.310229066090706, "Train_ACC_3": 0.37997587454764775, "Train_Loss_3": 1.3732361770593202, "Train_ACC_4": 0.9322625698324022, "Train_Loss_4": 0.3148621145221922, "Train_ACC_5": 0.9683972911963883, "Train_Loss_5": 0.2520770217691149, "Train_ACC_6": 0.7144600366076876, "Train_Loss_6": 0.7804309667892826, "Train_ACC_7": 0.8187702265372169, "Train_Loss_7": 0.626508817076683, "Train_AVG": 0.6688758178306752, "Test_ACC_0": 0.8849557522123894, "Test_Loss_0": 0.4384504834810893, "Test_ACC_1": 0.16295025728987994, "Test_Loss_1": 1.9678861216494912, "Test_ACC_2": 0.3699421965317919, "Test_Loss_2": 1.424775329503146, "Test_ACC_3": 0.4092827004219409, "Test_Loss_3": 1.3723876039187113, "Test_ACC_4": 0.9390243902439024, "Test_Loss_4": 0.311421268261396, "Test_ACC_5": 0.9448818897637795, "Test_Loss_5": 0.2964092269539833, "Test_ACC_6": 0.7011739594450374, "Test_Loss_6": 0.8514064659674963, "Test_ACC_7": 0.5869565217391305, "Test_Loss_7": 1.0958157579104106, "Test_AVG": 0.6248959584559816, "_wandb": {"runtime": 1535}}