{"Train_ACC_Local_0": 1.0, "Test_ACC_Local_0": 0.995575221238938, "_timestamp": 1669949391.4438057, "_runtime": 1182.9620597362518, "_step": 2599, "Train_ACC_Local_1": 0.9990181639666176, "Test_ACC_Local_1": 0.9828473413379074, "Train_ACC_Local_2": 1.0, "Test_ACC_Local_2": 0.9682080924855492, "Train_ACC_Local_3": 0.9993968636911942, "Test_ACC_Local_3": 0.9978902953586498, "Train_ACC_Local_4": 1.0, "Test_ACC_Local_4": 1.0, "Train_ACC_Local_5": 1.0, "Test_ACC_Local_5": 0.9921259842519685, "Train_ACC_Local_6": 1.0, "Test_ACC_Local_6": 0.9871931696905016, "Train_ACC_Local_7": 0.9967637540453075, "Test_ACC_Local_7": 0.8913043478260869, "Train_ACC_0": 0.8830594184576486, "Train_Loss_0": 0.4748578971624374, "Train_ACC_1": 0.22238586156111928, "Train_Loss_1": 1.849116101861, "Train_ACC_2": 0.4918032786885246, "Train_Loss_2": 1.3158437197025006, "Train_ACC_3": 0.5277442702050663, "Train_Loss_3": 1.2143488113696759, "Train_ACC_4": 0.946927374301676, "Train_Loss_4": 0.21188925289445454, "Train_ACC_5": 0.9706546275395034, "Train_Loss_5": 0.20305103915078299, "Train_ACC_6": 0.6461256863941428, "Train_Loss_6": 0.9373000484068417, "Train_ACC_7": 0.7928802588996764, "Train_Loss_7": 0.7233078718185425, "Train_AVG": 0.6851975970059196, "Test_ACC_0": 0.8584070796460177, "Test_Loss_0": 0.5178165415922801, "Test_ACC_1": 0.21269296740994853, "Test_Loss_1": 1.8933134706396806, "Test_ACC_2": 0.43641618497109824, "Test_Loss_2": 1.4004408121109009, "Test_ACC_3": 0.5274261603375527, "Test_Loss_3": 1.2124709049860636, "Test_ACC_4": 0.9463414634146341, "Test_Loss_4": 0.20681701142054337, "Test_ACC_5": 0.952755905511811, "Test_Loss_5": 0.2503779847174883, "Test_ACC_6": 0.6168623265741728, "Test_Loss_6": 1.014986095825831, "Test_ACC_7": 0.6195652173913043, "Test_Loss_7": 1.1120727062225342, "Test_AVG": 0.6463084131570676, "_wandb": {"runtime": 1182}}