{"Train_ACC_Local_0": 1.0, "Test_ACC_Local_0": 0.9977876106194691, "_timestamp": 1669950639.1420963, "_runtime": 1160.0143253803253, "_step": 2599, "Train_ACC_Local_1": 0.9995090819833088, "Test_ACC_Local_1": 0.9828473413379074, "Train_ACC_Local_2": 1.0, "Test_ACC_Local_2": 0.9739884393063584, "Train_ACC_Local_3": 1.0, "Test_ACC_Local_3": 0.9936708860759493, "Train_ACC_Local_4": 1.0, "Test_ACC_Local_4": 1.0, "Train_ACC_Local_5": 1.0, "Test_ACC_Local_5": 0.9921259842519685, "Train_ACC_Local_6": 1.0, "Test_ACC_Local_6": 0.9871931696905016, "Train_ACC_Local_7": 1.0, "Test_ACC_Local_7": 0.8804347826086957, "Train_ACC_0": 1.0, "Train_Loss_0": 0.006078132875263691, "Train_ACC_1": 1.0, "Train_Loss_1": 0.008048280389630236, "Train_ACC_2": 1.0, "Train_Loss_2": 0.013806106021197943, "Train_ACC_3": 1.0, "Train_Loss_3": 0.11893876928549546, "Train_ACC_4": 1.0, "Train_Loss_4": 0.08454041514131758, "Train_ACC_5": 1.0, "Train_Loss_5": 0.008714356958600027, "Train_ACC_6": 1.0, "Train_Loss_6": 0.0030820685556357348, "Train_ACC_7": 1.0, "Train_Loss_7": 0.011310086864978076, "Train_AVG": 1.0, "Test_ACC_0": 0.9977876106194691, "Test_Loss_0": 0.014115675507734219, "Test_ACC_1": 0.9811320754716981, "Test_Loss_1": 0.09952195508307532, "Test_ACC_2": 0.9739884393063584, "Test_Loss_2": 0.09418040336194364, "Test_ACC_3": 0.9957805907172996, "Test_Loss_3": 0.1427148734529813, "Test_ACC_4": 1.0, "Test_Loss_4": 0.08406506106257439, "Test_ACC_5": 0.9921259842519685, "Test_Loss_5": 0.09429059852845967, "Test_ACC_6": 0.9925293489861259, "Test_Loss_6": 0.08886565814415613, "Test_ACC_7": 0.8695652173913043, "Test_Loss_7": 0.5483985046545664, "Test_AVG": 0.975363658343028, "_wandb": {"runtime": 1159}}